Ventana al Este en Mdeo,17,06,19,08,58,22.1,437.0
Ventana al Este en Mdeo,17,06,19,09,03,21.84,489.0
Ventana al Este en Mdeo,17,06,19,09,08,21.84,499.0
Ventana al Este en Mdeo,17,06,19,09,13,21.58,478.0
Ventana al Este en Mdeo,17,06,19,09,18,21.58,460.0
Ventana al Este en Mdeo,17,06,19,09,23,21.58,465.0
Ventana al Este en Mdeo,17,06,19,09,28,21.84,497.0
Ventana al Este en Mdeo,17,06,19,09,33,21.58,468.0
Ventana al Este en Mdeo,17,06,19,09,38,21.32,406.0
Ventana al Este en Mdeo,17,06,19,09,43,21.32,410.0
Ventana al Este en Mdeo,17,06,19,09,48,21.32,434.0
Ventana al Este en Mdeo,17,06,19,09,53,21.58,449.0
Ventana al Este en Mdeo,17,06,19,09,58,22.1,503.0
Ventana al Este en Mdeo,17,06,19,10,03,21.32,539.0
Ventana al Este en Mdeo,17,06,19,10,08,21.84,581.0
Ventana al Este en Mdeo,17,06,19,10,13,22.1,528.0
Ventana al Este en Mdeo,17,06,19,10,18,21.06,559.0
Ventana al Este en Mdeo,17,06,19,10,23,21.84,547.0
Ventana al Este en Mdeo,17,06,19,10,28,21.32,575.0
Ventana al Este en Mdeo,17,06,19,10,33,22.1,551.0
Ventana al Este en Mdeo,17,06,19,10,38,22.36,550.0
Ventana al Este en Mdeo,17,06,19,10,43,21.84,560.0
Ventana al Este en Mdeo,17,06,19,10,48,21.84,570.0
Ventana al Este en Mdeo,17,06,19,10,53,22.36,573.0
Ventana al Este en Mdeo,17,06,19,10,58,22.1,574.0
Ventana al Este en Mdeo,17,06,19,11,03,22.1,574.0
Ventana al Este en Mdeo,17,06,19,11,08,21.84,594.0
Ventana al Este en Mdeo,17,06,19,11,13,22.36,558.0
Ventana al Este en Mdeo,17,06,19,11,18,22.1,583.0
Ventana al Este en Mdeo,17,06,19,11,23,22.1,636.0
Ventana al Este en Mdeo,17,06,19,11,28,22.36,615.0
Ventana al Este en Mdeo,17,06,19,11,33,22.36,588.0
Ventana al Este en Mdeo,17,06,19,11,38,21.58,577.0
Ventana al Este en Mdeo,17,06,19,11,43,22.1,582.0
Ventana al Este en Mdeo,17,06,19,11,48,22.62,535.0
Ventana al Este en Mdeo,17,06,19,11,53,22.1,558.0
Ventana al Este en Mdeo,17,06,19,11,58,21.84,588.0
Ventana al Este en Mdeo,17,06,19,12,03,22.1,625.0
Ventana al Este en Mdeo,17,06,19,12,08,22.62,587.0
Ventana al Este en Mdeo,17,06,19,12,13,22.36,588.0
Ventana al Este en Mdeo,17,06,19,12,18,22.36,582.0
Ventana al Este en Mdeo,17,06,19,12,23,22.1,617.0
Ventana al Este en Mdeo,17,06,19,12,28,21.84,542.0
Ventana al Este en Mdeo,17,06,19,12,33,21.84,567.0
Ventana al Este en Mdeo,17,06,19,12,38,22.36,501.0
Ventana al Este en Mdeo,17,06,19,12,43,22.1,497.0
Ventana al Este en Mdeo,17,06,19,12,48,22.1,535.0
Ventana al Este en Mdeo,17,06,19,12,53,22.1,547.0
Ventana al Este en Mdeo,17,06,19,12,58,21.58,533.0
Ventana al Este en Mdeo,17,06,19,13,03,22.1,562.0
Ventana al Este en Mdeo,17,06,19,13,08,22.36,627.0
Ventana al Este en Mdeo,17,06,19,13,13,22.1,565.0
Ventana al Este en Mdeo,17,06,19,13,18,22.1,553.0
Ventana al Este en Mdeo,17,06,19,13,23,21.84,448.0
Ventana al Este en Mdeo,17,06,19,13,28,21.84,423.0
Ventana al Este en Mdeo,17,06,19,13,33,21.84,432.0
Ventana al Este en Mdeo,17,06,19,13,38,22.1,442.0
Ventana al Este en Mdeo,17,06,19,13,43,21.06,445.0
Ventana al Este en Mdeo,17,06,19,13,48,21.32,430.0
Ventana al Este en Mdeo,17,06,19,13,53,21.32,454.0
Ventana al Este en Mdeo,17,06,19,13,58,21.06,464.0
Ventana al Este en Mdeo,17,06,19,14,03,21.32,478.0
Ventana al Este en Mdeo,17,06,19,14,08,21.06,454.0
Ventana al Este en Mdeo,17,06,19,14,13,21.32,427.0
Ventana al Este en Mdeo,17,06,19,14,18,21.32,404.0
Ventana al Este en Mdeo,17,06,19,14,23,21.06,422.0
Ventana al Este en Mdeo,17,06,19,14,28,21.32,398.0
Ventana al Este en Mdeo,17,06,19,14,33,21.58,421.0
Ventana al Este en Mdeo,17,06,19,14,38,21.58,392.0
Ventana al Este en Mdeo,17,06,19,14,43,21.32,346.0
Ventana al Este en Mdeo,17,06,19,14,48,21.58,366.0
Ventana al Este en Mdeo,17,06,19,14,53,21.32,379.0
Ventana al Este en Mdeo,17,06,19,14,58,21.32,388.0
Ventana al Este en Mdeo,17,06,19,15,03,21.58,368.0
Ventana al Este en Mdeo,17,06,19,15,08,21.32,322.0
Ventana al Este en Mdeo,17,06,19,15,13,21.32,387.0
Ventana al Este en Mdeo,17,06,19,15,18,21.58,361.0
Ventana al Este en Mdeo,17,06,19,15,23,21.84,367.0
Ventana al Este en Mdeo,17,06,19,15,28,21.58,334.0
Ventana al Este en Mdeo,17,06,19,15,33,21.06,286.0
Ventana al Este en Mdeo,17,06,19,15,38,21.32,286.0
Ventana al Este en Mdeo,17,06,19,15,43,20.8,295.0
Ventana al Este en Mdeo,17,06,19,15,48,21.32,242.0
Ventana al Este en Mdeo,17,06,19,15,53,21.06,208.0
Ventana al Este en Mdeo,17,06,19,15,58,21.06,172.0
Ventana al Este en Mdeo,17,06,19,16,03,21.06,185.0
Ventana al Este en Mdeo,17,06,19,16,08,21.32,173.0
Ventana al Este en Mdeo,17,06,19,16,13,21.32,170.0
Ventana al Este en Mdeo,17,06,19,16,18,20.54,132.0
Ventana al Este en Mdeo,17,06,19,16,23,20.8,115.0
Ventana al Este en Mdeo,17,06,19,16,28,21.06,112.0
Ventana al Este en Mdeo,17,06,19,16,33,21.06,115.0
Ventana al Este en Mdeo,17,06,19,16,38,21.06,118.0
Ventana al Este en Mdeo,17,06,19,16,43,21.06,103.0
Ventana al Este en Mdeo,17,06,19,16,48,21.06,96.0
Ventana al Este en Mdeo,17,06,19,16,53,20.54,122.0
Ventana al Este en Mdeo,17,06,19,16,58,21.06,179.0
Ventana al Este en Mdeo,17,06,19,17,03,21.06,154.0
Ventana al Este en Mdeo,17,06,19,17,08,21.06,133.0
Ventana al Este en Mdeo,17,06,19,17,13,21.06,97.0
Ventana al Este en Mdeo,17,06,19,17,18,21.06,90.0
Ventana al Este en Mdeo,17,06,19,17,23,21.06,70.0
Ventana al Este en Mdeo,17,06,19,17,28,21.06,62.0
Ventana al Este en Mdeo,17,06,19,17,33,20.8,45.0
Ventana al Este en Mdeo,17,06,19,17,38,20.8,25.0
Ventana al Este en Mdeo,17,06,19,17,43,21.06,23.0
Ventana al Este en Mdeo,17,06,19,17,48,21.06,13.0
Ventana al Este en Mdeo,17,06,19,17,53,21.32,7.0
Ventana al Este en Mdeo,17,06,19,17,58,21.06,3.0
Ventana al Este en Mdeo,17,06,19,18,03,21.06,1.0
Ventana al Este en Mdeo,17,06,19,18,08,21.06,0.0
Ventana al Este en Mdeo,17,06,19,18,13,20.8,0.0
Ventana al Este en Mdeo,17,06,19,18,18,20.8,66.0
Ventana al Este en Mdeo,17,06,19,18,23,21.32,60.0
Ventana al Este en Mdeo,17,06,19,18,28,21.06,62.0
Ventana al Este en Mdeo,17,06,19,18,33,20.8,62.0
Ventana al Este en Mdeo,17,06,19,18,38,21.32,1.0
Ventana al Este en Mdeo,17,06,19,18,43,20.54,1.0
Ventana al Este en Mdeo,17,06,19,18,48,21.32,0.0
Ventana al Este en Mdeo,17,06,19,18,53,21.06,59.0
Ventana al Este en Mdeo,17,06,19,18,58,21.06,60.0
Ventana al Este en Mdeo,17,06,19,19,03,21.06,59.0
Ventana al Este en Mdeo,17,06,19,19,08,21.06,58.0
Ventana al Este en Mdeo,17,06,19,19,13,21.06,58.0
Ventana al Este en Mdeo,17,06,19,19,18,21.06,58.0
Ventana al Este en Mdeo,17,06,19,19,23,21.06,58.0
Ventana al Este en Mdeo,17,06,19,19,28,21.32,58.0
Ventana al Este en Mdeo,17,06,19,19,33,21.06,58.0
Ventana al Este en Mdeo,17,06,19,19,38,21.06,58.0
Ventana al Este en Mdeo,17,06,19,19,43,21.06,58.0
Ventana al Este en Mdeo,17,06,19,19,48,21.06,57.0
Ventana al Este en Mdeo,17,06,19,19,53,20.8,58.0
Ventana al Este en Mdeo,17,06,19,19,58,21.32,0.0
Ventana al Este en Mdeo,17,06,19,20,03,21.06,0.0
Ventana al Este en Mdeo,17,06,19,20,08,21.58,0.0
Ventana al Este en Mdeo,17,06,19,20,13,21.32,0.0
Ventana al Este en Mdeo,17,06,19,20,18,20.8,0.0
Ventana al Este en Mdeo,17,06,19,20,23,21.32,0.0
Ventana al Este en Mdeo,17,06,19,20,28,21.06,61.0
Ventana al Este en Mdeo,17,06,19,20,33,20.8,59.0
Ventana al Este en Mdeo,17,06,19,20,38,21.58,58.0
Ventana al Este en Mdeo,17,06,19,20,43,21.06,0.0
Ventana al Este en Mdeo,17,06,19,20,48,21.06,0.0
Ventana al Este en Mdeo,17,06,19,20,53,21.32,0.0
Ventana al Este en Mdeo,17,06,19,20,58,20.8,0.0
Ventana al Este en Mdeo,17,06,19,21,03,21.06,0.0
Ventana al Este en Mdeo,17,06,19,21,08,21.84,0.0
Ventana al Este en Mdeo,17,06,19,21,13,21.06,0.0
Ventana al Este en Mdeo,17,06,19,21,18,20.8,0.0
Ventana al Este en Mdeo,17,06,19,21,23,21.06,0.0
Ventana al Este en Mdeo,17,06,19,21,28,21.32,0.0
Ventana al Este en Mdeo,17,06,19,21,33,21.06,0.0
Ventana al Este en Mdeo,17,06,19,21,38,21.32,0.0
Ventana al Este en Mdeo,17,06,19,21,43,20.8,0.0
Ventana al Este en Mdeo,17,06,19,21,48,20.8,0.0
Ventana al Este en Mdeo,17,06,19,21,53,21.32,0.0
Ventana al Este en Mdeo,17,06,19,21,58,21.32,0.0
Ventana al Este en Mdeo,17,06,19,22,03,21.06,0.0
Ventana al Este en Mdeo,17,06,19,22,08,21.06,0.0
Ventana al Este en Mdeo,17,06,19,22,13,21.06,0.0
Ventana al Este en Mdeo,17,06,19,22,18,21.06,0.0
Ventana al Este en Mdeo,17,06,19,22,23,21.32,0.0
Ventana al Este en Mdeo,17,06,19,22,28,21.06,0.0
Ventana al Este en Mdeo,17,06,19,22,33,21.32,0.0
Ventana al Este en Mdeo,17,06,19,22,38,20.8,0.0
Ventana al Este en Mdeo,17,06,19,22,43,21.06,0.0
Ventana al Este en Mdeo,17,06,19,22,48,21.06,0.0
Ventana al Este en Mdeo,17,06,19,22,53,20.8,0.0
Ventana al Este en Mdeo,17,06,19,22,58,21.06,0.0
Ventana al Este en Mdeo,17,06,19,23,03,21.06,0.0
Ventana al Este en Mdeo,17,06,19,23,08,20.8,0.0
Ventana al Este en Mdeo,17,06,19,23,13,21.06,0.0
Ventana al Este en Mdeo,17,06,19,23,18,21.06,0.0
Ventana al Este en Mdeo,17,06,19,23,23,21.32,0.0
Ventana al Este en Mdeo,17,06,19,23,28,20.8,0.0
Ventana al Este en Mdeo,17,06,19,23,33,21.32,63.0
Ventana al Este en Mdeo,17,06,19,23,38,21.32,60.0
Ventana al Este en Mdeo,17,06,19,23,43,20.8,60.0
Ventana al Este en Mdeo,17,06,19,23,48,20.28,0.0
Ventana al Este en Mdeo,17,06,19,23,53,20.02,0.0
Ventana al Este en Mdeo,17,06,19,23,58,20.02,0.0
Ventana al Este en Mdeo,18,06,19,00,03,20.28,0.0
Ventana al Este en Mdeo,18,06,19,00,08,20.02,0.0
Ventana al Este en Mdeo,18,06,19,00,13,20.02,0.0
Ventana al Este en Mdeo,18,06,19,00,18,20.02,0.0
Ventana al Este en Mdeo,18,06,19,00,23,20.02,0.0
Ventana al Este en Mdeo,18,06,19,00,28,20.02,0.0
Ventana al Este en Mdeo,18,06,19,00,33,20.02,0.0
Ventana al Este en Mdeo,18,06,19,00,38,20.02,0.0
Ventana al Este en Mdeo,18,06,19,00,43,19.5,0.0
Ventana al Este en Mdeo,18,06,19,00,48,19.76,0.0
Ventana al Este en Mdeo,18,06,19,00,53,19.76,0.0
Ventana al Este en Mdeo,18,06,19,00,58,19.5,0.0
Ventana al Este en Mdeo,18,06,19,01,03,20.28,0.0
Ventana al Este en Mdeo,18,06,19,01,08,19.5,0.0
Ventana al Este en Mdeo,18,06,19,01,13,19.76,0.0
Ventana al Este en Mdeo,18,06,19,01,18,19.5,0.0
Ventana al Este en Mdeo,18,06,19,01,23,18.46,0.0
Ventana al Este en Mdeo,18,06,19,01,28,19.76,0.0
Ventana al Este en Mdeo,18,06,19,01,33,19.76,0.0
Ventana al Este en Mdeo,18,06,19,01,38,18.98,0.0
Ventana al Este en Mdeo,18,06,19,01,43,19.5,0.0
Ventana al Este en Mdeo,18,06,19,01,48,20.02,0.0
Ventana al Este en Mdeo,18,06,19,01,53,19.76,0.0
Ventana al Este en Mdeo,18,06,19,01,58,19.76,0.0
Ventana al Este en Mdeo,18,06,19,02,03,20.02,0.0
Ventana al Este en Mdeo,18,06,19,02,08,19.76,0.0
Ventana al Este en Mdeo,18,06,19,02,13,19.5,0.0
Ventana al Este en Mdeo,18,06,19,02,18,19.5,0.0
Ventana al Este en Mdeo,18,06,19,02,23,19.76,0.0
Ventana al Este en Mdeo,18,06,19,02,28,19.76,0.0
Ventana al Este en Mdeo,18,06,19,02,33,19.5,0.0
Ventana al Este en Mdeo,18,06,19,02,38,22.62,0.0
Ventana al Este en Mdeo,18,06,19,02,43,19.76,0.0
Ventana al Este en Mdeo,18,06,19,02,48,19.76,0.0
Ventana al Este en Mdeo,18,06,19,02,53,20.02,0.0
Ventana al Este en Mdeo,18,06,19,02,58,19.76,0.0
Ventana al Este en Mdeo,18,06,19,03,03,19.76,0.0
Ventana al Este en Mdeo,18,06,19,03,08,19.76,0.0
Ventana al Este en Mdeo,18,06,19,03,13,18.72,0.0
Ventana al Este en Mdeo,18,06,19,03,18,19.76,0.0
Ventana al Este en Mdeo,18,06,19,03,23,19.76,0.0
Ventana al Este en Mdeo,18,06,19,03,28,19.24,0.0
Ventana al Este en Mdeo,18,06,19,03,33,19.76,0.0
Ventana al Este en Mdeo,18,06,19,03,38,19.76,0.0
Ventana al Este en Mdeo,18,06,19,03,43,19.5,0.0
Ventana al Este en Mdeo,18,06,19,03,48,19.76,0.0
Ventana al Este en Mdeo,18,06,19,03,53,19.76,0.0
Ventana al Este en Mdeo,18,06,19,03,58,19.76,0.0
Ventana al Este en Mdeo,18,06,19,04,03,19.5,0.0
Ventana al Este en Mdeo,18,06,19,04,09,19.76,0.0
Ventana al Este en Mdeo,18,06,19,04,14,22.1,0.0
Ventana al Este en Mdeo,18,06,19,04,19,21.58,0.0
Ventana al Este en Mdeo,18,06,19,04,24,19.76,0.0
Ventana al Este en Mdeo,18,06,19,04,29,19.76,0.0
Ventana al Este en Mdeo,18,06,19,04,34,19.76,0.0
Ventana al Este en Mdeo,18,06,19,04,39,19.76,0.0
Ventana al Este en Mdeo,18,06,19,04,44,20.02,0.0
Ventana al Este en Mdeo,18,06,19,04,49,19.76,0.0
Ventana al Este en Mdeo,18,06,19,04,54,20.28,0.0
Ventana al Este en Mdeo,18,06,19,04,59,19.76,0.0
Ventana al Este en Mdeo,18,06,19,05,04,19.76,0.0
Ventana al Este en Mdeo,18,06,19,05,09,19.76,0.0
Ventana al Este en Mdeo,18,06,19,05,14,19.76,0.0
Ventana al Este en Mdeo,18,06,19,05,19,19.76,0.0
Ventana al Este en Mdeo,18,06,19,05,24,19.76,0.0
Ventana al Este en Mdeo,18,06,19,05,29,19.76,0.0
Ventana al Este en Mdeo,18,06,19,05,34,19.5,0.0
Ventana al Este en Mdeo,18,06,19,05,39,18.46,0.0
Ventana al Este en Mdeo,18,06,19,05,44,19.76,0.0
Ventana al Este en Mdeo,18,06,19,05,49,20.02,0.0
Ventana al Este en Mdeo,18,06,19,05,54,19.76,0.0
Ventana al Este en Mdeo,18,06,19,05,59,19.76,0.0
Ventana al Este en Mdeo,18,06,19,06,04,20.02,0.0
Ventana al Este en Mdeo,18,06,19,06,09,19.76,0.0
Ventana al Este en Mdeo,18,06,19,06,14,20.28,0.0
Ventana al Este en Mdeo,18,06,19,06,19,18.72,0.0
Ventana al Este en Mdeo,18,06,19,06,24,20.54,0.0
Ventana al Este en Mdeo,18,06,19,06,29,20.8,0.0
Ventana al Este en Mdeo,18,06,19,06,34,23.4,0.0
Ventana al Este en Mdeo,18,06,19,06,39,19.76,0.0
Ventana al Este en Mdeo,18,06,19,06,44,20.54,0.0
Ventana al Este en Mdeo,18,06,19,06,49,20.28,0.0
Ventana al Este en Mdeo,18,06,19,06,54,21.32,0.0
Ventana al Este en Mdeo,18,06,19,06,59,20.54,0.0
Ventana al Este en Mdeo,18,06,19,07,04,20.28,0.0
Ventana al Este en Mdeo,18,06,19,07,09,20.54,0.0
Ventana al Este en Mdeo,18,06,19,07,14,20.28,0.0
Ventana al Este en Mdeo,18,06,19,07,19,20.28,0.0
Ventana al Este en Mdeo,18,06,19,07,24,20.54,0.0
Ventana al Este en Mdeo,18,06,19,07,29,20.8,1.0
Ventana al Este en Mdeo,18,06,19,07,34,20.54,4.0
Ventana al Este en Mdeo,18,06,19,07,39,20.54,11.0
Ventana al Este en Mdeo,18,06,19,07,44,22.36,22.0
Ventana al Este en Mdeo,18,06,19,07,49,20.54,29.0
Ventana al Este en Mdeo,18,06,19,07,54,20.8,42.0
Ventana al Este en Mdeo,18,06,19,07,59,20.8,38.0
Ventana al Este en Mdeo,18,06,19,08,04,20.28,43.0
Ventana al Este en Mdeo,18,06,19,08,09,20.28,55.0
Ventana al Este en Mdeo,18,06,19,08,14,20.28,59.0
Ventana al Este en Mdeo,18,06,19,08,19,18.46,54.0
Ventana al Este en Mdeo,18,06,19,08,24,19.5,79.0
Ventana al Este en Mdeo,18,06,19,08,29,19.5,78.0
Ventana al Este en Mdeo,18,06,19,08,34,19.24,80.0
Ventana al Este en Mdeo,18,06,19,08,39,18.98,116.0
Ventana al Este en Mdeo,18,06,19,08,44,18.72,165.0
Ventana al Este en Mdeo,18,06,19,08,49,19.76,203.0
Ventana al Este en Mdeo,18,06,19,08,54,19.24,146.0
Ventana al Este en Mdeo,18,06,19,08,59,19.24,161.0
Ventana al Este en Mdeo,18,06,19,09,04,20.02,232.0
Ventana al Este en Mdeo,18,06,19,09,09,19.24,252.0
Ventana al Este en Mdeo,18,06,19,09,14,19.5,251.0
Ventana al Este en Mdeo,18,06,19,09,19,19.24,182.0
Ventana al Este en Mdeo,18,06,19,09,24,18.98,231.0
Ventana al Este en Mdeo,18,06,19,09,29,19.24,228.0
Ventana al Este en Mdeo,18,06,19,09,34,18.46,244.0
Ventana al Este en Mdeo,18,06,19,09,39,19.24,301.0
Ventana al Este en Mdeo,18,06,19,09,44,18.72,347.0
Ventana al Este en Mdeo,18,06,19,09,49,19.76,330.0
Ventana al Este en Mdeo,18,06,19,09,54,20.02,429.0
Ventana al Este en Mdeo,18,06,19,09,59,20.02,424.0
Ventana al Este en Mdeo,18,06,19,10,04,20.54,339.0
Ventana al Este en Mdeo,18,06,19,10,09,20.54,307.0
Ventana al Este en Mdeo,18,06,19,10,14,20.28,304.0
Ventana al Este en Mdeo,18,06,19,10,19,20.28,305.0
Ventana al Este en Mdeo,18,06,19,10,24,20.54,306.0
Ventana al Este en Mdeo,18,06,19,10,29,20.28,255.0
Ventana al Este en Mdeo,18,06,19,10,34,20.28,295.0
Ventana al Este en Mdeo,18,06,19,10,39,21.32,443.0
Ventana al Este en Mdeo,18,06,19,10,44,20.28,367.0
Ventana al Este en Mdeo,18,06,19,10,49,20.28,325.0
Ventana al Este en Mdeo,18,06,19,10,54,20.8,360.0
Ventana al Este en Mdeo,18,06,19,10,59,20.28,329.0
Ventana al Este en Mdeo,18,06,19,11,04,20.54,408.0
Ventana al Este en Mdeo,18,06,19,11,09,20.02,493.0
Ventana al Este en Mdeo,18,06,19,11,14,20.54,389.0
Ventana al Este en Mdeo,18,06,19,11,19,20.54,216.0
Ventana al Este en Mdeo,18,06,19,11,24,20.28,361.0
Ventana al Este en Mdeo,18,06,19,11,29,20.28,349.0
Ventana al Este en Mdeo,18,06,19,11,34,20.28,389.0
Ventana al Este en Mdeo,18,06,19,11,39,20.54,370.0
Ventana al Este en Mdeo,18,06,19,11,44,20.54,484.0
Ventana al Este en Mdeo,18,06,19,11,49,21.06,472.0
Ventana al Este en Mdeo,18,06,19,11,54,20.8,346.0
Ventana al Este en Mdeo,18,06,19,11,59,20.54,487.0
Ventana al Este en Mdeo,18,06,19,12,04,21.58,496.0
Ventana al Este en Mdeo,18,06,19,12,09,20.54,373.0
Ventana al Este en Mdeo,18,06,19,12,14,20.28,367.0
Ventana al Este en Mdeo,18,06,19,12,19,20.54,386.0
Ventana al Este en Mdeo,18,06,19,12,24,20.28,319.0
Ventana al Este en Mdeo,18,06,19,12,29,20.02,329.0
Ventana al Este en Mdeo,18,06,19,12,34,19.76,349.0
Ventana al Este en Mdeo,18,06,19,12,39,20.54,354.0
Ventana al Este en Mdeo,18,06,19,12,44,19.76,375.0
Ventana al Este en Mdeo,18,06,19,12,49,20.02,424.0
Ventana al Este en Mdeo,18,06,19,12,54,19.76,470.0
Ventana al Este en Mdeo,18,06,19,12,59,20.02,492.0
Ventana al Este en Mdeo,18,06,19,13,04,20.28,542.0
Ventana al Este en Mdeo,18,06,19,13,09,20.02,495.0
Ventana al Este en Mdeo,18,06,19,13,14,20.02,513.0
Ventana al Este en Mdeo,18,06,19,13,19,19.76,444.0
Ventana al Este en Mdeo,18,06,19,13,24,20.28,402.0
Ventana al Este en Mdeo,18,06,19,13,29,18.98,486.0
Ventana al Este en Mdeo,18,06,19,13,34,19.5,551.0
Ventana al Este en Mdeo,18,06,19,13,39,20.28,458.0
Ventana al Este en Mdeo,18,06,19,13,44,20.54,554.0
Ventana al Este en Mdeo,18,06,19,13,49,20.54,549.0
Ventana al Este en Mdeo,18,06,19,13,54,20.54,543.0
Ventana al Este en Mdeo,18,06,19,13,59,21.06,529.0
Ventana al Este en Mdeo,18,06,19,14,04,20.8,573.0
Ventana al Este en Mdeo,18,06,19,14,09,20.54,553.0
Ventana al Este en Mdeo,18,06,19,14,14,21.06,598.0
Ventana al Este en Mdeo,18,06,19,14,19,21.84,568.0
Ventana al Este en Mdeo,18,06,19,14,24,20.8,591.0
Ventana al Este en Mdeo,18,06,19,14,29,20.8,527.0
Ventana al Este en Mdeo,18,06,19,14,34,20.8,539.0
Ventana al Este en Mdeo,18,06,19,14,39,20.54,448.0
Ventana al Este en Mdeo,18,06,19,14,44,20.54,447.0
Ventana al Este en Mdeo,18,06,19,14,49,20.02,438.0
Ventana al Este en Mdeo,18,06,19,14,54,19.76,441.0
Ventana al Este en Mdeo,18,06,19,14,59,17.16,420.0
Ventana al Este en Mdeo,18,06,19,15,04,20.28,473.0
Ventana al Este en Mdeo,18,06,19,15,09,20.28,444.0
Ventana al Este en Mdeo,18,06,19,15,14,20.28,431.0
Ventana al Este en Mdeo,18,06,19,15,19,20.28,488.0
Ventana al Este en Mdeo,18,06,19,15,24,20.28,540.0
Ventana al Este en Mdeo,18,06,19,15,29,20.54,535.0
Ventana al Este en Mdeo,18,06,19,15,34,20.8,445.0
Ventana al Este en Mdeo,18,06,19,15,39,20.54,492.0
Ventana al Este en Mdeo,18,06,19,15,44,20.54,417.0
Ventana al Este en Mdeo,18,06,19,15,49,20.28,452.0
Ventana al Este en Mdeo,18,06,19,15,54,20.54,465.0
Ventana al Este en Mdeo,18,06,19,15,59,20.54,374.0
Ventana al Este en Mdeo,18,06,19,16,04,20.8,434.0
Ventana al Este en Mdeo,18,06,19,16,09,20.28,412.0
Ventana al Este en Mdeo,18,06,19,16,14,21.06,425.0
Ventana al Este en Mdeo,18,06,19,16,19,20.28,389.0
Ventana al Este en Mdeo,18,06,19,16,24,18.72,389.0
Ventana al Este en Mdeo,18,06,19,16,29,21.58,428.0
Ventana al Este en Mdeo,18,06,19,16,34,21.32,337.0
Ventana al Este en Mdeo,18,06,19,16,39,20.28,385.0
Ventana al Este en Mdeo,18,06,19,16,44,20.28,362.0
Ventana al Este en Mdeo,18,06,19,16,49,20.54,304.0
Ventana al Este en Mdeo,18,06,19,16,54,20.28,276.0
Ventana al Este en Mdeo,18,06,19,16,59,20.02,237.0
Ventana al Este en Mdeo,18,06,19,17,04,20.02,216.0
Ventana al Este en Mdeo,18,06,19,17,09,20.28,215.0
Ventana al Este en Mdeo,18,06,19,17,14,20.28,219.0
Ventana al Este en Mdeo,18,06,19,17,19,18.98,183.0
Ventana al Este en Mdeo,18,06,19,17,24,20.02,144.0
Ventana al Este en Mdeo,18,06,19,17,29,18.98,150.0
Ventana al Este en Mdeo,18,06,19,17,34,20.02,155.0
Ventana al Este en Mdeo,18,06,19,17,39,20.02,112.0
Ventana al Este en Mdeo,18,06,19,17,44,20.02,74.0
Ventana al Este en Mdeo,18,06,19,17,49,20.28,51.0
Ventana al Este en Mdeo,18,06,19,17,54,20.02,14.0
Ventana al Este en Mdeo,18,06,19,17,59,19.76,11.0
Ventana al Este en Mdeo,18,06,19,18,04,19.76,6.0
Ventana al Este en Mdeo,18,06,19,18,09,19.76,4.0
Ventana al Este en Mdeo,18,06,19,18,14,19.76,2.0
Ventana al Este en Mdeo,18,06,19,18,19,19.76,2.0
Ventana al Este en Mdeo,18,06,19,18,24,19.76,2.0
Ventana al Este en Mdeo,18,06,19,18,29,19.76,2.0
Ventana al Este en Mdeo,18,06,19,18,34,19.76,2.0
Ventana al Este en Mdeo,18,06,19,18,39,19.76,2.0
Ventana al Este en Mdeo,18,06,19,18,44,19.5,3.0
Ventana al Este en Mdeo,18,06,19,18,49,19.76,2.0
Ventana al Este en Mdeo,18,06,19,18,54,20.02,3.0
Ventana al Este en Mdeo,18,06,19,18,59,19.76,2.0
Ventana al Este en Mdeo,18,06,19,19,04,19.76,2.0
Ventana al Este en Mdeo,18,06,19,19,09,19.76,2.0
Ventana al Este en Mdeo,18,06,19,19,14,19.76,2.0
Ventana al Este en Mdeo,18,06,19,19,19,20.02,2.0
Ventana al Este en Mdeo,18,06,19,19,24,19.76,3.0
Ventana al Este en Mdeo,18,06,19,19,29,16.9,3.0
Ventana al Este en Mdeo,18,06,19,19,34,19.76,2.0
Ventana al Este en Mdeo,18,06,19,19,39,19.5,2.0
Ventana al Este en Mdeo,18,06,19,19,44,19.76,1.0
Ventana al Este en Mdeo,18,06,19,19,49,19.76,2.0
Ventana al Este en Mdeo,18,06,19,19,54,19.76,2.0
Ventana al Este en Mdeo,18,06,19,19,59,19.76,2.0
Ventana al Este en Mdeo,18,06,19,20,04,19.76,0.0
Ventana al Este en Mdeo,18,06,19,20,09,20.28,1.0
Ventana al Este en Mdeo,18,06,19,20,14,18.98,1.0
Ventana al Este en Mdeo,18,06,19,20,19,19.24,1.0
Ventana al Este en Mdeo,18,06,19,20,24,19.24,0.0
Ventana al Este en Mdeo,18,06,19,20,29,19.5,0.0
Ventana al Este en Mdeo,18,06,19,20,34,19.76,0.0
Ventana al Este en Mdeo,18,06,19,20,39,19.5,1.0
Ventana al Este en Mdeo,18,06,19,20,44,19.76,1.0
Ventana al Este en Mdeo,18,06,19,20,49,18.72,0.0
Ventana al Este en Mdeo,18,06,19,20,54,21.32,1.0
Ventana al Este en Mdeo,18,06,19,20,59,19.76,0.0
Ventana al Este en Mdeo,18,06,19,21,04,18.98,0.0
Ventana al Este en Mdeo,18,06,19,21,09,19.5,63.0
Ventana al Este en Mdeo,18,06,19,21,14,19.76,0.0
Ventana al Este en Mdeo,18,06,19,21,19,19.76,0.0
Ventana al Este en Mdeo,18,06,19,21,24,20.28,0.0
Ventana al Este en Mdeo,18,06,19,21,29,19.76,65.0
Ventana al Este en Mdeo,18,06,19,21,34,19.76,0.0
Ventana al Este en Mdeo,18,06,19,21,39,20.02,0.0
Ventana al Este en Mdeo,18,06,19,21,44,20.02,0.0
Ventana al Este en Mdeo,18,06,19,21,49,20.02,0.0
Ventana al Este en Mdeo,18,06,19,21,54,20.02,0.0
Ventana al Este en Mdeo,18,06,19,21,59,20.02,0.0
Ventana al Este en Mdeo,18,06,19,22,04,20.54,0.0
Ventana al Este en Mdeo,18,06,19,22,09,17.42,1.0
Ventana al Este en Mdeo,18,06,19,22,14,19.76,0.0
Ventana al Este en Mdeo,18,06,19,22,19,20.02,0.0
Ventana al Este en Mdeo,18,06,19,22,24,20.02,0.0
Ventana al Este en Mdeo,18,06,19,22,29,19.24,0.0
Ventana al Este en Mdeo,18,06,19,22,34,19.76,0.0
Ventana al Este en Mdeo,18,06,19,22,39,20.02,0.0
Ventana al Este en Mdeo,18,06,19,22,44,21.06,0.0
Ventana al Este en Mdeo,18,06,19,22,49,20.02,0.0
Ventana al Este en Mdeo,18,06,19,22,54,18.46,0.0
Ventana al Este en Mdeo,18,06,19,22,59,20.02,0.0
Ventana al Este en Mdeo,18,06,19,23,04,19.76,0.0
Ventana al Este en Mdeo,18,06,19,23,09,20.28,0.0
Ventana al Este en Mdeo,18,06,19,23,14,19.76,0.0
Ventana al Este en Mdeo,18,06,19,23,19,19.24,0.0
Ventana al Este en Mdeo,18,06,19,23,24,20.02,0.0
Ventana al Este en Mdeo,18,06,19,23,29,20.02,0.0
Ventana al Este en Mdeo,18,06,19,23,34,19.76,0.0
Ventana al Este en Mdeo,18,06,19,23,39,18.98,0.0
Ventana al Este en Mdeo,18,06,19,23,44,20.02,0.0
Ventana al Este en Mdeo,18,06,19,23,49,20.28,0.0
Ventana al Este en Mdeo,18,06,19,23,54,20.02,0.0
Ventana al Este en Mdeo,18,06,19,23,59,19.5,0.0
Ventana al Este en Mdeo,19,06,19,00,04,20.02,0.0
Ventana al Este en Mdeo,19,06,19,00,09,19.76,0.0
Ventana al Este en Mdeo,19,06,19,00,14,19.76,0.0
Ventana al Este en Mdeo,19,06,19,00,19,20.28,0.0
Ventana al Este en Mdeo,19,06,19,00,24,20.02,0.0
Ventana al Este en Mdeo,19,06,19,00,29,18.72,0.0
Ventana al Este en Mdeo,19,06,19,00,34,21.32,0.0
Ventana al Este en Mdeo,19,06,19,00,39,20.28,0.0
Ventana al Este en Mdeo,19,06,19,00,44,18.72,0.0
Ventana al Este en Mdeo,19,06,19,00,49,20.02,0.0
Ventana al Este en Mdeo,19,06,19,00,54,19.5,0.0
Ventana al Este en Mdeo,19,06,19,00,59,20.8,0.0
Ventana al Este en Mdeo,19,06,19,01,04,19.76,0.0
Ventana al Este en Mdeo,19,06,19,01,09,19.76,0.0
Ventana al Este en Mdeo,19,06,19,01,14,19.76,0.0
Ventana al Este en Mdeo,19,06,19,01,19,20.02,0.0
Ventana al Este en Mdeo,19,06,19,01,24,18.46,0.0
Ventana al Este en Mdeo,19,06,19,01,29,19.5,0.0
Ventana al Este en Mdeo,19,06,19,01,34,19.76,0.0
Ventana al Este en Mdeo,19,06,19,01,39,19.5,0.0
Ventana al Este en Mdeo,19,06,19,01,44,19.76,0.0
Ventana al Este en Mdeo,19,06,19,01,49,20.02,0.0
Ventana al Este en Mdeo,19,06,19,01,54,20.02,0.0
Ventana al Este en Mdeo,19,06,19,01,59,19.76,0.0
Ventana al Este en Mdeo,19,06,19,02,04,19.5,0.0
Ventana al Este en Mdeo,19,06,19,02,09,20.8,0.0
Ventana al Este en Mdeo,19,06,19,02,14,19.76,0.0
Ventana al Este en Mdeo,19,06,19,02,19,19.5,0.0
Ventana al Este en Mdeo,19,06,19,02,24,21.32,0.0
Ventana al Este en Mdeo,19,06,19,02,29,22.1,0.0
Ventana al Este en Mdeo,19,06,19,02,34,21.06,0.0
Ventana al Este en Mdeo,19,06,19,02,39,20.54,0.0
Ventana al Este en Mdeo,19,06,19,02,44,19.76,0.0
Ventana al Este en Mdeo,19,06,19,02,49,20.02,0.0
Ventana al Este en Mdeo,19,06,19,02,54,20.02,0.0
Ventana al Este en Mdeo,19,06,19,02,59,18.98,0.0
Ventana al Este en Mdeo,19,06,19,03,04,19.76,0.0
Ventana al Este en Mdeo,19,06,19,03,09,19.5,0.0
Ventana al Este en Mdeo,19,06,19,03,14,19.76,0.0
Ventana al Este en Mdeo,19,06,19,03,19,20.28,0.0
Ventana al Este en Mdeo,19,06,19,03,24,19.76,0.0
Ventana al Este en Mdeo,19,06,19,03,29,21.32,0.0
Ventana al Este en Mdeo,19,06,19,03,34,20.02,0.0
Ventana al Este en Mdeo,19,06,19,03,39,20.02,0.0
Ventana al Este en Mdeo,19,06,19,03,44,19.76,0.0
Ventana al Este en Mdeo,19,06,19,03,49,19.5,0.0
Ventana al Este en Mdeo,19,06,19,03,54,20.02,0.0
Ventana al Este en Mdeo,19,06,19,03,59,20.02,0.0
Ventana al Este en Mdeo,19,06,19,04,04,19.76,0.0
Ventana al Este en Mdeo,19,06,19,04,09,20.02,0.0
Ventana al Este en Mdeo,19,06,19,04,14,20.02,0.0
Ventana al Este en Mdeo,19,06,19,04,19,19.76,0.0
Ventana al Este en Mdeo,19,06,19,04,24,20.02,0.0
Ventana al Este en Mdeo,19,06,19,04,29,19.24,0.0
Ventana al Este en Mdeo,19,06,19,04,34,19.76,0.0
Ventana al Este en Mdeo,19,06,19,04,39,19.76,0.0
Ventana al Este en Mdeo,19,06,19,04,44,18.72,0.0
Ventana al Este en Mdeo,19,06,19,04,49,21.06,0.0
Ventana al Este en Mdeo,19,06,19,04,54,19.76,0.0
Ventana al Este en Mdeo,19,06,19,04,59,19.76,0.0
Ventana al Este en Mdeo,19,06,19,05,04,16.38,0.0
Ventana al Este en Mdeo,19,06,19,05,09,21.06,0.0
Ventana al Este en Mdeo,19,06,19,05,14,19.5,0.0
Ventana al Este en Mdeo,19,06,19,05,19,17.68,0.0
Ventana al Este en Mdeo,19,06,19,05,24,19.5,0.0
Ventana al Este en Mdeo,19,06,19,05,29,21.06,0.0
Ventana al Este en Mdeo,19,06,19,05,34,19.24,0.0
Ventana al Este en Mdeo,19,06,19,05,39,19.24,0.0
Ventana al Este en Mdeo,19,06,19,05,44,17.42,0.0
Ventana al Este en Mdeo,19,06,19,05,49,18.98,0.0
Ventana al Este en Mdeo,19,06,19,05,54,20.02,0.0
Ventana al Este en Mdeo,19,06,19,05,59,19.76,0.0
Ventana al Este en Mdeo,19,06,19,06,04,19.24,0.0
Ventana al Este en Mdeo,19,06,19,06,09,18.98,0.0
Ventana al Este en Mdeo,19,06,19,06,14,19.24,0.0
Ventana al Este en Mdeo,19,06,19,06,19,19.5,0.0
Ventana al Este en Mdeo,19,06,19,06,24,19.24,0.0
Ventana al Este en Mdeo,19,06,19,06,29,18.98,0.0
Ventana al Este en Mdeo,19,06,19,06,34,18.98,0.0
Ventana al Este en Mdeo,19,06,19,06,40,19.24,0.0
Ventana al Este en Mdeo,19,06,19,06,45,18.98,0.0
Ventana al Este en Mdeo,19,06,19,06,50,19.5,0.0
Ventana al Este en Mdeo,19,06,19,06,55,18.2,0.0
Ventana al Este en Mdeo,19,06,19,07,00,18.2,0.0
Ventana al Este en Mdeo,19,06,19,07,05,21.32,0.0
Ventana al Este en Mdeo,19,06,19,07,10,18.2,0.0
Ventana al Este en Mdeo,19,06,19,07,15,17.94,0.0
Ventana al Este en Mdeo,19,06,19,07,20,18.72,0.0
Ventana al Este en Mdeo,19,06,19,07,25,19.24,0.0
Ventana al Este en Mdeo,19,06,19,07,30,18.46,1.0
Ventana al Este en Mdeo,19,06,19,07,35,18.46,6.0
Ventana al Este en Mdeo,19,06,19,07,40,18.2,18.0
Ventana al Este en Mdeo,19,06,19,07,45,18.2,31.0
Ventana al Este en Mdeo,19,06,19,07,50,17.94,32.0
Ventana al Este en Mdeo,19,06,19,07,55,18.72,56.0
Ventana al Este en Mdeo,19,06,19,08,00,18.2,76.0
Ventana al Este en Mdeo,19,06,19,08,05,18.2,106.0
Ventana al Este en Mdeo,19,06,19,08,10,18.46,216.0
Ventana al Este en Mdeo,19,06,19,08,15,18.2,184.0
Ventana al Este en Mdeo,19,06,19,08,20,18.2,183.0
Ventana al Este en Mdeo,19,06,19,08,25,20.02,196.0
Ventana al Este en Mdeo,19,06,19,08,30,21.32,173.0
Ventana al Este en Mdeo,19,06,19,08,35,17.94,191.0
Ventana al Este en Mdeo,19,06,19,08,40,18.46,195.0
Ventana al Este en Mdeo,19,06,19,08,45,18.46,355.0
Ventana al Este en Mdeo,19,06,19,08,50,18.46,409.0
Ventana al Este en Mdeo,19,06,19,08,55,18.98,569.0
Ventana al Este en Mdeo,19,06,19,09,00,19.24,581.0
Ventana al Este en Mdeo,19,06,19,09,05,20.02,620.0
Ventana al Este en Mdeo,19,06,19,09,10,19.24,596.0
Ventana al Este en Mdeo,19,06,19,09,15,19.24,587.0
Ventana al Este en Mdeo,19,06,19,09,20,18.98,590.0
Ventana al Este en Mdeo,19,06,19,09,25,18.98,434.0
Ventana al Este en Mdeo,19,06,19,09,30,18.98,456.0
Ventana al Este en Mdeo,19,06,19,09,35,18.72,379.0
Ventana al Este en Mdeo,19,06,19,09,40,18.98,450.0
Ventana al Este en Mdeo,19,06,19,09,45,20.28,475.0
Ventana al Este en Mdeo,19,06,19,09,50,19.5,686.0
Ventana al Este en Mdeo,19,06,19,09,55,21.06,693.0
Ventana al Este en Mdeo,19,06,19,10,00,24.7,803.0
Ventana al Este en Mdeo,19,06,19,10,05,24.96,883.0
Ventana al Este en Mdeo,19,06,19,10,10,20.8,605.0
Ventana al Este en Mdeo,19,06,19,10,15,19.76,617.0
Ventana al Este en Mdeo,19,06,19,10,20,19.76,555.0
Ventana al Este en Mdeo,19,06,19,10,25,19.24,438.0
Ventana al Este en Mdeo,19,06,19,10,30,19.24,537.0
Ventana al Este en Mdeo,19,06,19,10,35,19.24,472.0
Ventana al Este en Mdeo,19,06,19,10,40,18.98,412.0
Ventana al Este en Mdeo,19,06,19,10,45,18.98,397.0
Ventana al Este en Mdeo,19,06,19,10,50,20.28,449.0
Ventana al Este en Mdeo,19,06,19,10,55,18.98,381.0
Ventana al Este en Mdeo,19,06,19,11,00,18.98,401.0
Ventana al Este en Mdeo,19,06,19,11,05,18.72,435.0
Ventana al Este en Mdeo,19,06,19,11,10,17.16,420.0
Ventana al Este en Mdeo,19,06,19,11,15,19.24,404.0
Ventana al Este en Mdeo,19,06,19,11,20,19.5,375.0
Ventana al Este en Mdeo,19,06,19,11,25,17.16,399.0
Ventana al Este en Mdeo,19,06,19,11,30,18.72,413.0
Ventana al Este en Mdeo,19,06,19,11,35,19.24,406.0
Ventana al Este en Mdeo,19,06,19,11,40,18.72,412.0
Ventana al Este en Mdeo,19,06,19,11,45,18.46,525.0
Ventana al Este en Mdeo,19,06,19,11,50,17.68,594.0
Ventana al Este en Mdeo,19,06,19,11,55,17.42,596.0
Ventana al Este en Mdeo,19,06,19,12,00,17.94,613.0
Ventana al Este en Mdeo,19,06,19,12,05,17.94,608.0
Ventana al Este en Mdeo,19,06,19,12,10,17.68,532.0
Ventana al Este en Mdeo,19,06,19,12,15,17.42,581.0
Ventana al Este en Mdeo,19,06,19,12,20,17.94,491.0
Ventana al Este en Mdeo,19,06,19,12,25,19.24,514.0
Ventana al Este en Mdeo,19,06,19,12,30,17.94,549.0
Ventana al Este en Mdeo,19,06,19,12,35,19.5,510.0
Ventana al Este en Mdeo,19,06,19,12,40,21.84,532.0
Ventana al Este en Mdeo,19,06,19,12,45,20.02,537.0
Ventana al Este en Mdeo,19,06,19,12,50,20.02,522.0
Ventana al Este en Mdeo,19,06,19,12,55,20.28,571.0
Ventana al Este en Mdeo,19,06,19,13,00,20.28,590.0
Ventana al Este en Mdeo,19,06,19,13,05,22.36,553.0
Ventana al Este en Mdeo,19,06,19,13,10,20.54,612.0
Ventana al Este en Mdeo,19,06,19,13,15,20.54,519.0
Ventana al Este en Mdeo,19,06,19,13,20,20.8,581.0
Ventana al Este en Mdeo,19,06,19,13,25,21.06,605.0
Ventana al Este en Mdeo,19,06,19,13,30,20.8,594.0
Ventana al Este en Mdeo,19,06,19,13,35,20.8,565.0
Ventana al Este en Mdeo,19,06,19,13,40,20.54,487.0
Ventana al Este en Mdeo,19,06,19,13,45,20.54,475.0
Ventana al Este en Mdeo,19,06,19,13,50,20.54,448.0
Ventana al Este en Mdeo,19,06,19,13,55,20.54,444.0
Ventana al Este en Mdeo,19,06,19,14,00,22.1,440.0
Ventana al Este en Mdeo,19,06,19,14,05,20.28,439.0
Ventana al Este en Mdeo,19,06,19,14,10,20.28,436.0
Ventana al Este en Mdeo,19,06,19,14,15,20.28,432.0
Ventana al Este en Mdeo,19,06,19,14,20,22.1,429.0
Ventana al Este en Mdeo,19,06,19,14,25,20.28,426.0
Ventana al Este en Mdeo,19,06,19,14,30,20.02,423.0
Ventana al Este en Mdeo,19,06,19,14,35,20.28,421.0
Ventana al Este en Mdeo,19,06,19,14,40,20.28,419.0
Ventana al Este en Mdeo,19,06,19,14,45,20.28,417.0
Ventana al Este en Mdeo,19,06,19,14,50,19.76,413.0
Ventana al Este en Mdeo,19,06,19,14,55,20.54,409.0
Ventana al Este en Mdeo,19,06,19,15,00,20.02,406.0
Ventana al Este en Mdeo,19,06,19,15,05,19.24,402.0
Ventana al Este en Mdeo,19,06,19,15,10,20.02,400.0
Ventana al Este en Mdeo,19,06,19,15,15,20.28,397.0
Ventana al Este en Mdeo,19,06,19,15,20,20.54,391.0
Ventana al Este en Mdeo,19,06,19,15,25,20.54,387.0
Ventana al Este en Mdeo,19,06,19,15,30,20.54,386.0
Ventana al Este en Mdeo,19,06,19,15,35,20.28,382.0
Ventana al Este en Mdeo,19,06,19,15,40,20.28,379.0
Ventana al Este en Mdeo,19,06,19,15,45,20.28,376.0
Ventana al Este en Mdeo,19,06,19,15,50,20.28,372.0
Ventana al Este en Mdeo,19,06,19,15,55,19.24,354.0
Ventana al Este en Mdeo,19,06,19,16,00,19.24,348.0
Ventana al Este en Mdeo,19,06,19,16,05,19.24,344.0
Ventana al Este en Mdeo,19,06,19,16,10,19.24,339.0
Ventana al Este en Mdeo,19,06,19,16,15,19.24,338.0
Ventana al Este en Mdeo,19,06,19,16,20,18.98,341.0
Ventana al Este en Mdeo,19,06,19,16,25,18.98,328.0
Ventana al Este en Mdeo,19,06,19,16,30,20.28,342.0
Ventana al Este en Mdeo,19,06,19,16,35,18.72,356.0
Ventana al Este en Mdeo,19,06,19,16,40,18.46,353.0
Ventana al Este en Mdeo,19,06,19,16,45,18.72,340.0
Ventana al Este en Mdeo,19,06,19,16,50,18.46,335.0
Ventana al Este en Mdeo,19,06,19,16,55,19.76,321.0
Ventana al Este en Mdeo,19,06,19,17,00,18.2,325.0
Ventana al Este en Mdeo,19,06,19,17,05,18.2,301.0
Ventana al Este en Mdeo,19,06,19,17,10,18.2,283.0
Ventana al Este en Mdeo,19,06,19,17,15,17.94,274.0
Ventana al Este en Mdeo,19,06,19,17,20,18.72,262.0
Ventana al Este en Mdeo,19,06,19,17,25,18.98,238.0
Ventana al Este en Mdeo,19,06,19,17,30,17.94,210.0
Ventana al Este en Mdeo,19,06,19,17,35,18.46,167.0
Ventana al Este en Mdeo,19,06,19,17,40,19.24,130.0
Ventana al Este en Mdeo,19,06,19,17,45,19.76,91.0
Ventana al Este en Mdeo,19,06,19,17,50,19.76,56.0
Ventana al Este en Mdeo,19,06,19,17,55,20.02,28.0
Ventana al Este en Mdeo,19,06,19,18,00,19.76,13.0
Ventana al Este en Mdeo,19,06,19,18,05,19.76,5.0
Ventana al Este en Mdeo,19,06,19,18,10,20.28,1.0
Ventana al Este en Mdeo,19,06,19,18,15,20.02,0.0
Ventana al Este en Mdeo,19,06,19,18,20,19.76,0.0
Ventana al Este en Mdeo,19,06,19,18,25,19.76,0.0
Ventana al Este en Mdeo,19,06,19,18,30,19.76,0.0
Ventana al Este en Mdeo,19,06,19,18,35,20.02,0.0
Ventana al Este en Mdeo,19,06,19,18,40,18.98,0.0
Ventana al Este en Mdeo,19,06,19,18,45,20.02,0.0
Ventana al Este en Mdeo,19,06,19,18,50,20.02,0.0
Ventana al Este en Mdeo,19,06,19,18,55,19.76,0.0
Ventana al Este en Mdeo,19,06,19,19,00,20.02,0.0
Ventana al Este en Mdeo,19,06,19,19,05,20.02,0.0
Ventana al Este en Mdeo,19,06,19,19,10,20.02,0.0
Ventana al Este en Mdeo,19,06,19,19,15,18.98,0.0
Ventana al Este en Mdeo,19,06,19,19,20,20.02,0.0
Ventana al Este en Mdeo,19,06,19,19,25,20.28,0.0
Ventana al Este en Mdeo,19,06,19,19,30,20.02,0.0
Ventana al Este en Mdeo,19,06,19,19,35,20.28,0.0
Ventana al Este en Mdeo,19,06,19,19,40,20.28,1.0
Ventana al Este en Mdeo,19,06,19,19,45,20.28,0.0
Ventana al Este en Mdeo,19,06,19,19,50,19.76,0.0
Ventana al Este en Mdeo,19,06,19,19,55,18.72,0.0
Ventana al Este en Mdeo,19,06,19,20,00,20.02,0.0
Ventana al Este en Mdeo,19,06,19,20,05,20.28,0.0
Ventana al Este en Mdeo,19,06,19,20,10,20.28,0.0
Ventana al Este en Mdeo,19,06,19,20,15,20.02,0.0
Ventana al Este en Mdeo,19,06,19,20,20,20.8,0.0
Ventana al Este en Mdeo,19,06,19,20,25,20.54,0.0
Ventana al Este en Mdeo,19,06,19,20,30,20.02,0.0
Ventana al Este en Mdeo,19,06,19,20,35,20.28,0.0
Ventana al Este en Mdeo,19,06,19,20,40,20.28,1.0
Ventana al Este en Mdeo,19,06,19,20,45,20.28,0.0
Ventana al Este en Mdeo,19,06,19,20,50,20.02,1.0
Ventana al Este en Mdeo,19,06,19,20,55,20.28,0.0
Ventana al Este en Mdeo,19,06,19,21,00,20.54,0.0
Ventana al Este en Mdeo,19,06,19,21,05,20.54,0.0
Ventana al Este en Mdeo,19,06,19,21,10,20.28,0.0
Ventana al Este en Mdeo,19,06,19,21,15,22.1,0.0
Ventana al Este en Mdeo,19,06,19,21,20,20.54,0.0
Ventana al Este en Mdeo,19,06,19,21,25,20.54,0.0
Ventana al Este en Mdeo,19,06,19,21,30,20.54,0.0
Ventana al Este en Mdeo,19,06,19,21,35,20.8,0.0
Ventana al Este en Mdeo,19,06,19,21,40,20.54,0.0
Ventana al Este en Mdeo,19,06,19,21,45,20.54,0.0
Ventana al Este en Mdeo,19,06,19,21,50,20.54,0.0
Ventana al Este en Mdeo,19,06,19,21,55,21.06,0.0
Ventana al Este en Mdeo,19,06,19,22,00,20.28,0.0
Ventana al Este en Mdeo,19,06,19,22,05,20.28,0.0
Ventana al Este en Mdeo,19,06,19,22,10,18.98,0.0
Ventana al Este en Mdeo,19,06,19,22,15,20.28,0.0
Ventana al Este en Mdeo,19,06,19,22,20,20.54,0.0
Ventana al Este en Mdeo,19,06,19,22,25,20.02,0.0
Ventana al Este en Mdeo,19,06,19,22,30,20.8,0.0
Ventana al Este en Mdeo,19,06,19,22,35,20.54,0.0
Ventana al Este en Mdeo,19,06,19,22,40,20.54,0.0
Ventana al Este en Mdeo,19,06,19,22,45,20.54,0.0
Ventana al Este en Mdeo,19,06,19,22,50,20.54,0.0
Ventana al Este en Mdeo,19,06,19,22,55,21.06,0.0
Ventana al Este en Mdeo,19,06,19,23,00,20.28,0.0
Ventana al Este en Mdeo,19,06,19,23,05,20.54,0.0
Ventana al Este en Mdeo,19,06,19,23,10,20.8,0.0
Ventana al Este en Mdeo,19,06,19,23,15,20.54,0.0
Ventana al Este en Mdeo,19,06,19,23,20,20.28,0.0
Ventana al Este en Mdeo,19,06,19,23,25,21.06,0.0
Ventana al Este en Mdeo,19,06,19,23,30,20.8,0.0
Ventana al Este en Mdeo,19,06,19,23,35,20.28,0.0
Ventana al Este en Mdeo,19,06,19,23,40,20.54,0.0
Ventana al Este en Mdeo,19,06,19,23,45,22.36,0.0
Ventana al Este en Mdeo,19,06,19,23,50,21.58,63.0
Ventana al Este en Mdeo,19,06,19,23,55,20.8,62.0
Ventana al Este en Mdeo,20,06,19,00,00,20.8,60.0
Ventana al Este en Mdeo,20,06,19,00,05,19.5,0.0
Ventana al Este en Mdeo,20,06,19,00,10,18.2,0.0
Ventana al Este en Mdeo,20,06,19,00,15,20.8,0.0
Ventana al Este en Mdeo,20,06,19,00,20,19.76,0.0
Ventana al Este en Mdeo,20,06,19,00,25,23.14,0.0
Ventana al Este en Mdeo,20,06,19,00,30,17.68,0.0
Ventana al Este en Mdeo,20,06,19,00,35,20.8,0.0
Ventana al Este en Mdeo,20,06,19,00,40,20.54,0.0
Ventana al Este en Mdeo,20,06,19,00,45,20.54,0.0
Ventana al Este en Mdeo,20,06,19,00,50,19.24,0.0
Ventana al Este en Mdeo,20,06,19,00,55,20.54,0.0
Ventana al Este en Mdeo,20,06,19,01,00,21.06,0.0
Ventana al Este en Mdeo,20,06,19,01,05,20.54,0.0
Ventana al Este en Mdeo,20,06,19,01,10,22.62,0.0
Ventana al Este en Mdeo,20,06,19,01,15,20.8,0.0
Ventana al Este en Mdeo,20,06,19,01,20,21.32,0.0
Ventana al Este en Mdeo,20,06,19,01,25,19.24,0.0
Ventana al Este en Mdeo,20,06,19,01,30,20.8,0.0
Ventana al Este en Mdeo,20,06,19,01,35,20.54,0.0
Ventana al Este en Mdeo,20,06,19,01,40,20.8,0.0
Ventana al Este en Mdeo,20,06,19,01,45,18.46,0.0
Ventana al Este en Mdeo,20,06,19,01,50,20.8,0.0
Ventana al Este en Mdeo,20,06,19,01,55,21.06,0.0
Ventana al Este en Mdeo,20,06,19,02,00,21.58,0.0
Ventana al Este en Mdeo,20,06,19,02,05,20.28,0.0
Ventana al Este en Mdeo,20,06,19,02,10,20.8,0.0
Ventana al Este en Mdeo,20,06,19,02,15,21.06,0.0
Ventana al Este en Mdeo,20,06,19,02,20,20.54,0.0
Ventana al Este en Mdeo,20,06,19,02,25,20.8,0.0
Ventana al Este en Mdeo,20,06,19,02,30,20.8,0.0
Ventana al Este en Mdeo,20,06,19,02,35,21.06,0.0
Ventana al Este en Mdeo,20,06,19,02,40,20.8,0.0
Ventana al Este en Mdeo,20,06,19,02,45,20.54,0.0
Ventana al Este en Mdeo,20,06,19,02,50,22.1,0.0
Ventana al Este en Mdeo,20,06,19,02,55,21.84,0.0
Ventana al Este en Mdeo,20,06,19,03,00,20.28,0.0
Ventana al Este en Mdeo,20,06,19,03,05,20.8,0.0
Ventana al Este en Mdeo,20,06,19,03,10,20.8,0.0
Ventana al Este en Mdeo,20,06,19,03,15,17.94,0.0
Ventana al Este en Mdeo,20,06,19,03,20,21.32,0.0
Ventana al Este en Mdeo,20,06,19,03,25,20.8,0.0
Ventana al Este en Mdeo,20,06,19,03,30,21.06,0.0
Ventana al Este en Mdeo,20,06,19,03,35,21.06,0.0
Ventana al Este en Mdeo,20,06,19,03,40,19.76,0.0
Ventana al Este en Mdeo,20,06,19,03,45,23.4,0.0
Ventana al Este en Mdeo,20,06,19,03,50,21.06,0.0
Ventana al Este en Mdeo,20,06,19,03,55,21.32,0.0
Ventana al Este en Mdeo,20,06,19,04,00,21.06,0.0
Ventana al Este en Mdeo,20,06,19,04,05,21.06,0.0
Ventana al Este en Mdeo,20,06,19,04,10,21.06,0.0
Ventana al Este en Mdeo,20,06,19,04,15,21.06,0.0
Ventana al Este en Mdeo,20,06,19,04,20,21.06,0.0
Ventana al Este en Mdeo,20,06,19,04,25,21.06,0.0
Ventana al Este en Mdeo,20,06,19,04,30,21.06,0.0
Ventana al Este en Mdeo,20,06,19,04,35,20.8,0.0
Ventana al Este en Mdeo,20,06,19,04,40,21.06,0.0
Ventana al Este en Mdeo,20,06,19,04,45,21.06,0.0
Ventana al Este en Mdeo,20,06,19,04,50,20.8,0.0
Ventana al Este en Mdeo,20,06,19,04,55,20.8,0.0
Ventana al Este en Mdeo,20,06,19,05,00,20.8,0.0
Ventana al Este en Mdeo,20,06,19,05,05,21.06,0.0
Ventana al Este en Mdeo,20,06,19,05,10,21.06,0.0
Ventana al Este en Mdeo,20,06,19,05,15,21.06,0.0
Ventana al Este en Mdeo,20,06,19,05,20,20.8,0.0
Ventana al Este en Mdeo,20,06,19,05,25,20.54,0.0
Ventana al Este en Mdeo,20,06,19,05,30,21.06,0.0
Ventana al Este en Mdeo,20,06,19,05,35,21.06,0.0
Ventana al Este en Mdeo,20,06,19,05,40,20.8,0.0
Ventana al Este en Mdeo,20,06,19,05,45,21.84,0.0
Ventana al Este en Mdeo,20,06,19,05,50,21.32,0.0
Ventana al Este en Mdeo,20,06,19,05,55,20.8,0.0
Ventana al Este en Mdeo,20,06,19,06,00,20.8,0.0
Ventana al Este en Mdeo,20,06,19,06,05,17.68,0.0
Ventana al Este en Mdeo,20,06,19,06,10,20.54,0.0
Ventana al Este en Mdeo,20,06,19,06,15,19.24,0.0
Ventana al Este en Mdeo,20,06,19,06,20,20.28,0.0
Ventana al Este en Mdeo,20,06,19,06,25,20.8,0.0
Ventana al Este en Mdeo,20,06,19,06,30,21.32,0.0
Ventana al Este en Mdeo,20,06,19,06,35,20.8,0.0
Ventana al Este en Mdeo,20,06,19,06,40,19.24,0.0
Ventana al Este en Mdeo,20,06,19,06,45,20.8,0.0
Ventana al Este en Mdeo,20,06,19,06,50,20.8,0.0
Ventana al Este en Mdeo,20,06,19,06,55,20.8,0.0
Ventana al Este en Mdeo,20,06,19,07,00,20.8,0.0
Ventana al Este en Mdeo,20,06,19,07,05,22.62,0.0
Ventana al Este en Mdeo,20,06,19,07,10,21.06,0.0
Ventana al Este en Mdeo,20,06,19,07,15,21.32,0.0
Ventana al Este en Mdeo,20,06,19,07,20,20.8,1.0
Ventana al Este en Mdeo,20,06,19,07,25,20.8,8.0
Ventana al Este en Mdeo,20,06,19,07,30,21.06,24.0
Ventana al Este en Mdeo,20,06,19,07,35,20.8,47.0
Ventana al Este en Mdeo,20,06,19,07,40,20.8,78.0
Ventana al Este en Mdeo,20,06,19,07,45,20.54,107.0
Ventana al Este en Mdeo,20,06,19,07,50,20.54,124.0
Ventana al Este en Mdeo,20,06,19,07,55,20.8,193.0
Ventana al Este en Mdeo,20,06,19,08,00,21.06,238.0
Ventana al Este en Mdeo,20,06,19,08,05,20.8,268.0
Ventana al Este en Mdeo,20,06,19,08,10,21.06,306.0
Ventana al Este en Mdeo,20,06,19,08,15,21.06,368.0
Ventana al Este en Mdeo,20,06,19,08,20,21.06,411.0
Ventana al Este en Mdeo,20,06,19,08,25,21.06,394.0
Ventana al Este en Mdeo,20,06,19,08,30,21.32,430.0
Ventana al Este en Mdeo,20,06,19,08,35,21.06,496.0
Ventana al Este en Mdeo,20,06,19,08,40,21.32,500.0
Ventana al Este en Mdeo,20,06,19,08,45,21.58,566.0
Ventana al Este en Mdeo,20,06,19,08,50,21.06,551.0
Ventana al Este en Mdeo,20,06,19,08,55,21.58,575.0
Ventana al Este en Mdeo,20,06,19,09,00,22.88,610.0
